#Top: ripple_carry_counter   Floorplan: elab_constrs_1   Part: xc6slx9csg324-3
#Generated by: usama.waseem   on: Fri Feb 01 16:23:14 2019
#Build: PlanAhead v14.7   by: xbuild   on: Fri Sep 27 19:29:51 MDT 2013

IO Bank,BUFIO2 Region,Pin Number,IOB Alias,Site Type,Min Trace Delay (ps),Max Trace Delay (ps),Trace Length (um),Prohibit,Interface,Signal Name,Direction,DiffPair Type,DiffPair Signal,IO Standard,Drive (mA),Slew Rate,Pull Type,IN_TERM,OUT_TERM,OFFCHIP_TERM,Board Signal,Board Voltage
3,LT,C2,PAD199,IO_L83P_3,,,,,,q[3],OUT,,,LVCMOS25,12,SLOW,,,,FP_VTT_50,,
3,LT,F5,PAD198,IO_L55N_M3A14_3,,,,,,q[2],OUT,,,LVCMOS25,12,SLOW,,,,FP_VTT_50,,
3,LB,L6,PAD149,IO_L31P_3,,,,,,q[1],OUT,,,LVCMOS25,12,SLOW,,,,FP_VTT_50,,
3,LB,P4,PAD147,IO_L2P_3,,,,,,q[0],OUT,,,LVCMOS25,12,SLOW,,,,FP_VTT_50,,
2,BR,V10,PAD120,IO_L30N_GCLK0_USERCCLK_2,,,,,,clk,IN,,,LVCMOS25,12,SLOW,,,,,,
0,TL,B3,PAD7,IO_L4P_0,,,,,,reset,IN,,,LVCMOS25,12,SLOW,,,,,,
0,TL,D4,PAD1,IO_L1P_HSWAPEN_0,,,,,,,,,,,,,,,,,,
0,TL,C4,PAD2,IO_L1N_VREF_0,,,,,,,,,,,,,,,,,,
0,TL,B2,PAD3,IO_L2P_0,,,,,,,,,,,,,,,,,,
0,TL,A2,PAD4,IO_L2N_0,,,,,,,,,,,,,,,,,,
0,TL,D6,PAD5,IO_L3P_0,,,,,,,,,,,,,,,,,,
0,TL,C6,PAD6,IO_L3N_0,,,,,,,,,,,,,,,,,,
0,TL,A3,PAD8,IO_L4N_0,,,,,,,,,,,,,,,,,,
0,TL,B4,PAD9,IO_L5P_0,,,,,,,,,,,,,,,,,,
0,TL,A4,PAD10,IO_L5N_0,,,,,,,,,,,,,,,,,,
0,TL,C5,PAD11,IO_L6P_0,,,,,,,,,,,,,,,,,,
0,TL,A5,PAD12,IO_L6N_0,,,,,,,,,,,,,,,,,,
0,TL,C7,PAD13,IO_L10P_0,,,,,,,,,,,,,,,,,,
0,TL,A7,PAD14,IO_L10N_0,,,,,,,,,,,,,,,,,,
0,TL,B6,PAD15,IO_L8P_0,,,,,,,,,,,,,,,,,,
0,TL,A6,PAD16,IO_L8N_VREF_0,,,,,,,,,,,,,,,,,,
0,TL,D8,PAD17,IO_L11P_0,,,,,,,,,,,,,,,,,,
0,TL,C8,PAD18,IO_L11N_0,,,,,,,,,,,,,,,,,,
0,TL,B8,PAD19,IO_L33P_0,,,,,,,,,,,,,,,,,,
0,TL,A8,PAD20,IO_L33N_0,,,,,,,,,,,,,,,,,,
0,TL,D9,PAD21,IO_L34P_GCLK19_0,,,,,,,,,,,,,,,,,,
0,TL,C9,PAD22,IO_L34N_GCLK18_0,,,,,,,,,,,,,,,,,,
0,TL,B9,PAD23,IO_L35P_GCLK17_0,,,,,,,,,,,,,,,,,,
0,TL,A9,PAD24,IO_L35N_GCLK16_0,,,,,,,,,,,,,,,,,,
0,TR,D11,PAD25,IO_L36P_GCLK15_0,,,,,,,,,,,,,,,,,,
0,TR,C11,PAD26,IO_L36N_GCLK14_0,,,,,,,,,,,,,,,,,,
0,TR,C10,PAD27,IO_L37P_GCLK13_0,,,,,,,,,,,,,,,,,,
0,TR,A10,PAD28,IO_L37N_GCLK12_0,,,,,,,,,,,,,,,,,,
0,TR,G9,PAD29,IO_L38P_0,,,,,,,,,,,,,,,,,,
0,TR,F9,PAD30,IO_L38N_VREF_0,,,,,,,,,,,,,,,,,,
0,TR,B11,PAD31,IO_L39P_0,,,,,,,,,,,,,,,,,,
0,TR,A11,PAD32,IO_L39N_0,,,,,,,,,,,,,,,,,,
0,TR,B12,PAD33,IO_L41P_0,,,,,,,,,,,,,,,,,,
0,TR,A12,PAD34,IO_L41N_0,,,,,,,,,,,,,,,,,,
0,TR,B14,PAD35,IO_L62P_0,,,,,,,,,,,,,,,,,,
0,TR,A14,PAD36,IO_L62N_VREF_0,,,,,,,,,,,,,,,,,,
0,TR,F13,PAD37,IO_L63P_SCP7_0,,,,,,,,,,,,,,,,,,
0,TR,E13,PAD38,IO_L63N_SCP6_0,,,,,,,,,,,,,,,,,,
0,TR,C15,PAD39,IO_L64P_SCP5_0,,,,,,,,,,,,,,,,,,
0,TR,A15,PAD40,IO_L64N_SCP4_0,,,,,,,,,,,,,,,,,,
0,TR,D14,PAD41,IO_L65P_SCP3_0,,,,,,,,,,,,,,,,,,
0,TR,C14,PAD42,IO_L65N_SCP2_0,,,,,,,,,,,,,,,,,,
0,TR,B16,PAD43,IO_L66P_SCP1_0,,,,,,,,,,,,,,,,,,
0,TR,A16,PAD44,IO_L66N_SCP0_0,,,,,,,,,,,,,,,,,,
0,,B10,,VCCO_0,,,,,,,,,,,,,,,,,VCCO_0,
0,,B15,,VCCO_0,,,,,,,,,,,,,,,,,VCCO_0,
0,,B5,,VCCO_0,,,,,,,,,,,,,,,,,VCCO_0,
0,,D13,,VCCO_0,,,,,,,,,,,,,,,,,VCCO_0,
0,,D7,,VCCO_0,,,,,,,,,,,,,,,,,VCCO_0,
0,,E10,,VCCO_0,,,,,,,,,,,,,,,,,VCCO_0,
1,RT,F15,PAD45,IO_L1P_A25_1,,,,,,,,,,,,,,,,,,
1,RT,F16,PAD46,IO_L1N_A24_VREF_1,,,,,,,,,,,,,,,,,,
1,RT,C17,PAD47,IO_L29P_A23_M1A13_1,,,,,,,,,,,,,,,,,,
1,RT,C18,PAD48,IO_L29N_A22_M1A14_1,,,,,,,,,,,,,,,,,,
1,RT,F14,PAD49,IO_L30P_A21_M1RESET_1,,,,,,,,,,,,,,,,,,
1,RT,G14,PAD50,IO_L30N_A20_M1A11_1,,,,,,,,,,,,,,,,,,
1,RT,D17,PAD51,IO_L31P_A19_M1CKE_1,,,,,,,,,,,,,,,,,,
1,RT,D18,PAD52,IO_L31N_A18_M1A12_1,,,,,,,,,,,,,,,,,,
1,RT,H12,PAD53,IO_L32P_A17_M1A8_1,,,,,,,,,,,,,,,,,,
1,RT,G13,PAD54,IO_L32N_A16_M1A9_1,,,,,,,,,,,,,,,,,,
1,RT,E16,PAD55,IO_L33P_A15_M1A10_1,,,,,,,,,,,,,,,,,,
1,RT,E18,PAD56,IO_L33N_A14_M1A4_1,,,,,,,,,,,,,,,,,,
1,RT,K12,PAD57,IO_L34P_A13_M1WE_1,,,,,,,,,,,,,,,,,,
1,RT,K13,PAD58,IO_L34N_A12_M1BA2_1,,,,,,,,,,,,,,,,,,
1,RT,F17,PAD59,IO_L35P_A11_M1A7_1,,,,,,,,,,,,,,,,,,
1,RT,F18,PAD60,IO_L35N_A10_M1A2_1,,,,,,,,,,,,,,,,,,
1,RT,H13,PAD61,IO_L36P_A9_M1BA0_1,,,,,,,,,,,,,,,,,,
1,RT,H14,PAD62,IO_L36N_A8_M1BA1_1,,,,,,,,,,,,,,,,,,
1,RT,H15,PAD63,IO_L37P_A7_M1A0_1,,,,,,,,,,,,,,,,,,
1,RT,H16,PAD64,IO_L37N_A6_M1A1_1,,,,,,,,,,,,,,,,,,
1,RT,G16,PAD65,IO_L38P_A5_M1CLK_1,,,,,,,,,,,,,,,,,,
1,RT,G18,PAD66,IO_L38N_A4_M1CLKN_1,,,,,,,,,,,,,,,,,,
1,RT,J13,PAD67,IO_L39P_M1A3_1,,,,,,,,,,,,,,,,,,
1,RT,K14,PAD68,IO_L39N_M1ODT_1,,,,,,,,,,,,,,,,,,
1,RT,L12,PAD69,IO_L40P_GCLK11_M1A5_1,,,,,,,,,,,,,,,,,,
1,RT,L13,PAD70,IO_L40N_GCLK10_M1A6_1,,,,,,,,,,,,,,,,,,
1,RT,K15,PAD71,IO_L41P_GCLK9_IRDY1_M1RASN_1,,,,,,,,,,,,,,,,,,
1,RT,K16,PAD72,IO_L41N_GCLK8_M1CASN_1,,,,,,,,,,,,,,,,,,
1,RB,L15,PAD73,IO_L42P_GCLK7_M1UDM_1,,,,,,,,,,,,,,,,,,
1,RB,L16,PAD74,IO_L42N_GCLK6_TRDY1_M1LDM_1,,,,,,,,,,,,,,,,,,
1,RB,H17,PAD75,IO_L43P_GCLK5_M1DQ4_1,,,,,,,,,,,,,,,,,,
1,RB,H18,PAD76,IO_L43N_GCLK4_M1DQ5_1,,,,,,,,,,,,,,,,,,
1,RB,J16,PAD77,IO_L44P_A3_M1DQ6_1,,,,,,,,,,,,,,,,,,
1,RB,J18,PAD78,IO_L44N_A2_M1DQ7_1,,,,,,,,,,,,,,,,,,
1,RB,K17,PAD79,IO_L45P_A1_M1LDQS_1,,,,,,,,,,,,,,,,,,
1,RB,K18,PAD80,IO_L45N_A0_M1LDQSN_1,,,,,,,,,,,,,,,,,,
1,RB,L17,PAD81,IO_L46P_FCS_B_M1DQ2_1,,,,,,,,,,,,,,,,,,
1,RB,L18,PAD82,IO_L46N_FOE_B_M1DQ3_1,,,,,,,,,,,,,,,,,,
1,RB,M16,PAD83,IO_L47P_FWE_B_M1DQ0_1,,,,,,,,,,,,,,,,,,
1,RB,M18,PAD84,IO_L47N_LDC_M1DQ1_1,,,,,,,,,,,,,,,,,,
1,RB,N17,PAD85,IO_L48P_HDC_M1DQ8_1,,,,,,,,,,,,,,,,,,
1,RB,N18,PAD86,IO_L48N_M1DQ9_1,,,,,,,,,,,,,,,,,,
1,RB,P17,PAD87,IO_L49P_M1DQ10_1,,,,,,,,,,,,,,,,,,
1,RB,P18,PAD88,IO_L49N_M1DQ11_1,,,,,,,,,,,,,,,,,,
1,RB,N15,PAD89,IO_L50P_M1UDQS_1,,,,,,,,,,,,,,,,,,
1,RB,N16,PAD90,IO_L50N_M1UDQSN_1,,,,,,,,,,,,,,,,,,
1,RB,T17,PAD91,IO_L51P_M1DQ12_1,,,,,,,,,,,,,,,,,,
1,RB,T18,PAD92,IO_L51N_M1DQ13_1,,,,,,,,,,,,,,,,,,
1,RB,U17,PAD93,IO_L52P_M1DQ14_1,,,,,,,,,,,,,,,,,,
1,RB,U18,PAD94,IO_L52N_M1DQ15_1,,,,,,,,,,,,,,,,,,
1,RB,M14,PAD95,IO_L53P_1,,,,,,,,,,,,,,,,,,
1,RB,N14,PAD96,IO_L53N_VREF_1,,,,,,,,,,,,,,,,,,
1,RB,L14,PAD97,IO_L61P_1,,,,,,,,,,,,,,,,,,
1,RB,M13,PAD98,IO_L61N_1,,,,,,,,,,,,,,,,,,
1,RB,P15,PAD99,IO_L74P_AWAKE_1,,,,,,,,,,,,,,,,,,
1,RB,P16,PAD100,IO_L74N_DOUT_BUSY_1,,,,,,,,,,,,,,,,,,
1,,E17,,VCCO_1,,,,,,,,,,,,,,,,,VCCO_1,
1,,G15,,VCCO_1,,,,,,,,,,,,,,,,,VCCO_1,
1,,J14,,VCCO_1,,,,,,,,,,,,,,,,,VCCO_1,
1,,J17,,VCCO_1,,,,,,,,,,,,,,,,,VCCO_1,
1,,M15,,VCCO_1,,,,,,,,,,,,,,,,,VCCO_1,
1,,R17,,VCCO_1,,,,,,,,,,,,,,,,,VCCO_1,
2,BR,R15,PAD101,IO_L1P_CCLK_2,,,,,,,,,,,,,,,,,,
2,BR,T15,PAD102,IO_L1N_M0_CMPMISO_2,,,,,,,,,,,,,,,,,,
2,BR,U16,PAD103,IO_L2P_CMPCLK_2,,,,,,,,,,,,,,,,,,
2,BR,V16,PAD104,IO_L2N_CMPMOSI_2,,,,,,,,,,,,,,,,,,
2,BR,R13,PAD105,IO_L3P_D0_DIN_MISO_MISO1_2,,,,,,,,,,,,,,,,,,
2,BR,T13,PAD106,IO_L3N_MOSI_CSI_B_MISO0_2,,,,,,,,,,,,,,,,,,
2,BR,T14,PAD107,IO_L12P_D1_MISO2_2,,,,,,,,,,,,,,,,,,
2,BR,V14,PAD108,IO_L12N_D2_MISO3_2,,,,,,,,,,,,,,,,,,
2,BR,N12,PAD109,IO_L13P_M1_2,,,,,,,,,,,,,,,,,,
2,BR,P12,PAD110,IO_L13N_D10_2,,,,,,,,,,,,,,,,,,
2,BR,U13,PAD111,IO_L14P_D11_2,,,,,,,,,,,,,,,,,,
2,BR,V13,PAD112,IO_L14N_D12_2,,,,,,,,,,,,,,,,,,
2,BR,U11,PAD113,IO_L23P_2,,,,,,,,,,,,,,,,,,
2,BR,V11,PAD114,IO_L23N_2,,,,,,,,,,,,,,,,,,
2,BR,R11,PAD115,IO_L16P_2,,,,,,,,,,,,,,,,,,
2,BR,T11,PAD116,IO_L16N_VREF_2,,,,,,,,,,,,,,,,,,
2,BR,R10,PAD117,IO_L29P_GCLK3_2,,,,,,,,,,,,,,,,,,
2,BR,T10,PAD118,IO_L29N_GCLK2_2,,,,,,,,,,,,,,,,,,
2,BR,U10,PAD119,IO_L30P_GCLK1_D13_2,,,,,,,,,,,,,,,,,,
2,BL,R8,PAD121,IO_L31P_GCLK31_D14_2,,,,,,,,,,,,,,,,,,
2,BL,T8,PAD122,IO_L31N_GCLK30_D15_2,,,,,,,,,,,,,,,,,,
2,BL,T9,PAD123,IO_L32P_GCLK29_2,,,,,,,,,,,,,,,,,,
2,BL,V9,PAD124,IO_L32N_GCLK28_2,,,,,,,,,,,,,,,,,,
2,BL,T6,PAD125,IO_L45P_2,,,,,,,,,,,,,,,,,,
2,BL,V6,PAD126,IO_L45N_2,,,,,,,,,,,,,,,,,,
2,BL,U8,PAD127,IO_L41P_2,,,,,,,,,,,,,,,,,,
2,BL,V8,PAD128,IO_L41N_VREF_2,,,,,,,,,,,,,,,,,,
2,BL,U7,PAD129,IO_L43P_2,,,,,,,,,,,,,,,,,,
2,BL,V7,PAD130,IO_L43N_2,,,,,,,,,,,,,,,,,,
2,BL,R7,PAD131,IO_L46P_2,,,,,,,,,,,,,,,,,,
2,BL,T7,PAD132,IO_L46N_2,,,,,,,,,,,,,,,,,,
2,BL,R5,PAD133,IO_L48P_D7_2,,,,,,,,,,,,,,,,,,
2,BL,T5,PAD134,IO_L48N_RDWR_B_VREF_2,,,,,,,,,,,,,,,,,,
2,BL,U5,PAD135,IO_L49P_D3_2,,,,,,,,,,,,,,,,,,
2,BL,V5,PAD136,IO_L49N_D4_2,,,,,,,,,,,,,,,,,,
2,BL,R3,PAD137,IO_L62P_D5_2,,,,,,,,,,,,,,,,,,
2,BL,T3,PAD138,IO_L62N_D6_2,,,,,,,,,,,,,,,,,,
2,BL,T4,PAD139,IO_L63P_2,,,,,,,,,,,,,,,,,,
2,BL,V4,PAD140,IO_L63N_2,,,,,,,,,,,,,,,,,,
2,BL,N5,PAD141,IO_L64P_D8_2,,,,,,,,,,,,,,,,,,
2,BL,P6,PAD142,IO_L64N_D9_2,,,,,,,,,,,,,,,,,,
2,BL,U3,PAD143,IO_L65P_INIT_B_2,,,,,,,,,,,,,,,,,,
2,BL,V3,PAD144,IO_L65N_CSO_B_2,,,,,,,,,,,,,,,,,,
2,,P9,,VCCO_2,,,,,,,,,,,,,,,,,VCCO_2,
2,,R12,,VCCO_2,,,,,,,,,,,,,,,,,VCCO_2,
2,,R6,,VCCO_2,,,,,,,,,,,,,,,,,VCCO_2,
2,,U14,,VCCO_2,,,,,,,,,,,,,,,,,VCCO_2,
2,,U4,,VCCO_2,,,,,,,,,,,,,,,,,VCCO_2,
2,,U9,,VCCO_2,,,,,,,,,,,,,,,,,VCCO_2,
3,LB,N4,PAD145,IO_L1P_3,,,,,,,,,,,,,,,,,,
3,LB,N3,PAD146,IO_L1N_VREF_3,,,,,,,,,,,,,,,,,,
3,LB,P3,PAD148,IO_L2N_3,,,,,,,,,,,,,,,,,,
3,LB,M5,PAD150,IO_L31N_VREF_3,,,,,,,,,,,,,,,,,,
3,LB,U2,PAD151,IO_L32P_M3DQ14_3,,,,,,,,,,,,,,,,,,
3,LB,U1,PAD152,IO_L32N_M3DQ15_3,,,,,,,,,,,,,,,,,,
3,LB,T2,PAD153,IO_L33P_M3DQ12_3,,,,,,,,,,,,,,,,,,
3,LB,T1,PAD154,IO_L33N_M3DQ13_3,,,,,,,,,,,,,,,,,,
3,LB,P2,PAD155,IO_L34P_M3UDQS_3,,,,,,,,,,,,,,,,,,
3,LB,P1,PAD156,IO_L34N_M3UDQSN_3,,,,,,,,,,,,,,,,,,
3,LB,N2,PAD157,IO_L35P_M3DQ10_3,,,,,,,,,,,,,,,,,,
3,LB,N1,PAD158,IO_L35N_M3DQ11_3,,,,,,,,,,,,,,,,,,
3,LB,M3,PAD159,IO_L36P_M3DQ8_3,,,,,,,,,,,,,,,,,,
3,LB,M1,PAD160,IO_L36N_M3DQ9_3,,,,,,,,,,,,,,,,,,
3,LB,L2,PAD161,IO_L37P_M3DQ0_3,,,,,,,,,,,,,,,,,,
3,LB,L1,PAD162,IO_L37N_M3DQ1_3,,,,,,,,,,,,,,,,,,
3,LB,K2,PAD163,IO_L38P_M3DQ2_3,,,,,,,,,,,,,,,,,,
3,LB,K1,PAD164,IO_L38N_M3DQ3_3,,,,,,,,,,,,,,,,,,
3,LB,L4,PAD165,IO_L39P_M3LDQS_3,,,,,,,,,,,,,,,,,,
3,LB,L3,PAD166,IO_L39N_M3LDQSN_3,,,,,,,,,,,,,,,,,,
3,LB,J3,PAD167,IO_L40P_M3DQ6_3,,,,,,,,,,,,,,,,,,
3,LB,J1,PAD168,IO_L40N_M3DQ7_3,,,,,,,,,,,,,,,,,,
3,LB,H2,PAD169,IO_L41P_GCLK27_M3DQ4_3,,,,,,,,,,,,,,,,,,
3,LB,H1,PAD170,IO_L41N_GCLK26_M3DQ5_3,,,,,,,,,,,,,,,,,,
3,LB,K4,PAD171,IO_L42P_GCLK25_TRDY2_M3UDM_3,,,,,,,,,,,,,,,,,,
3,LB,K3,PAD172,IO_L42N_GCLK24_M3LDM_3,,,,,,,,,,,,,,,,,,
3,LT,L5,PAD173,IO_L43P_GCLK23_M3RASN_3,,,,,,,,,,,,,,,,,,
3,LT,K5,PAD174,IO_L43N_GCLK22_IRDY2_M3CASN_3,,,,,,,,,,,,,,,,,,
3,LT,H4,PAD175,IO_L44P_GCLK21_M3A5_3,,,,,,,,,,,,,,,,,,
3,LT,H3,PAD176,IO_L44N_GCLK20_M3A6_3,,,,,,,,,,,,,,,,,,
3,LT,L7,PAD177,IO_L45P_M3A3_3,,,,,,,,,,,,,,,,,,
3,LT,K6,PAD178,IO_L45N_M3ODT_3,,,,,,,,,,,,,,,,,,
3,LT,G3,PAD179,IO_L46P_M3CLK_3,,,,,,,,,,,,,,,,,,
3,LT,G1,PAD180,IO_L46N_M3CLKN_3,,,,,,,,,,,,,,,,,,
3,LT,J7,PAD181,IO_L47P_M3A0_3,,,,,,,,,,,,,,,,,,
3,LT,J6,PAD182,IO_L47N_M3A1_3,,,,,,,,,,,,,,,,,,
3,LT,F2,PAD183,IO_L48P_M3BA0_3,,,,,,,,,,,,,,,,,,
3,LT,F1,PAD184,IO_L48N_M3BA1_3,,,,,,,,,,,,,,,,,,
3,LT,H6,PAD185,IO_L49P_M3A7_3,,,,,,,,,,,,,,,,,,
3,LT,H5,PAD186,IO_L49N_M3A2_3,,,,,,,,,,,,,,,,,,
3,LT,E3,PAD187,IO_L50P_M3WE_3,,,,,,,,,,,,,,,,,,
3,LT,E1,PAD188,IO_L50N_M3BA2_3,,,,,,,,,,,,,,,,,,
3,LT,F4,PAD189,IO_L51P_M3A10_3,,,,,,,,,,,,,,,,,,
3,LT,F3,PAD190,IO_L51N_M3A4_3,,,,,,,,,,,,,,,,,,
3,LT,D2,PAD191,IO_L52P_M3A8_3,,,,,,,,,,,,,,,,,,
3,LT,D1,PAD192,IO_L52N_M3A9_3,,,,,,,,,,,,,,,,,,
3,LT,H7,PAD193,IO_L53P_M3CKE_3,,,,,,,,,,,,,,,,,,
3,LT,G6,PAD194,IO_L53N_M3A12_3,,,,,,,,,,,,,,,,,,
3,LT,E4,PAD195,IO_L54P_M3RESET_3,,,,,,,,,,,,,,,,,,
3,LT,D3,PAD196,IO_L54N_M3A11_3,,,,,,,,,,,,,,,,,,
3,LT,F6,PAD197,IO_L55P_M3A13_3,,,,,,,,,,,,,,,,,,
3,LT,C1,PAD200,IO_L83N_VREF_3,,,,,,,,,,,,,,,,,,
3,,E2,,VCCO_3,,,,,,,,,,,,,,,,,VCCO_3,2.50
3,,G4,,VCCO_3,,,,,,,,,,,,,,,,,VCCO_3,2.50
3,,J2,,VCCO_3,,,,,,,,,,,,,,,,,VCCO_3,2.50
3,,J5,,VCCO_3,,,,,,,,,,,,,,,,,VCCO_3,2.50
3,,M4,,VCCO_3,,,,,,,,,,,,,,,,,VCCO_3,2.50
3,,R2,,VCCO_3,,,,,,,,,,,,,,,,,VCCO_3,2.50
,,A17,,TCK,,,,,,,,,,,,,,,,,,
,,D15,,TDI,,,,,,,,,,,,,,,,,,
,,B18,,TMS,,,,,,,,,,,,,,,,,,
,,D16,,TDO,,,,,,,,,,,,,,,,,,
,,R16,,SUSPEND,,,,,,,,,,,,,,,,,,
,,P13,,CMPCS_B_2,,,,,,,,,,,,,,,,,,
,,V17,,DONE_2,,,,,,,,,,,,,,,,,,
,,V2,,PROGRAM_B_2,,,,,,,,,,,,,,,,,,
,,A1,,GND,,,,,,,,,,,,,,,,,GND,GND
,,A18,,GND,,,,,,,,,,,,,,,,,GND,GND
,,B13,,GND,,,,,,,,,,,,,,,,,GND,GND
,,B7,,GND,,,,,,,,,,,,,,,,,GND,GND
,,C16,,GND,,,,,,,,,,,,,,,,,GND,GND
,,C3,,GND,,,,,,,,,,,,,,,,,GND,GND
,,D10,,GND,,,,,,,,,,,,,,,,,GND,GND
,,D5,,GND,,,,,,,,,,,,,,,,,GND,GND
,,E15,,GND,,,,,,,,,,,,,,,,,GND,GND
,,G12,,GND,,,,,,,,,,,,,,,,,GND,GND
,,G17,,GND,,,,,,,,,,,,,,,,,GND,GND
,,G2,,GND,,,,,,,,,,,,,,,,,GND,GND
,,G5,,GND,,,,,,,,,,,,,,,,,GND,GND
,,H10,,GND,,,,,,,,,,,,,,,,,GND,GND
,,H8,,GND,,,,,,,,,,,,,,,,,GND,GND
,,J11,,GND,,,,,,,,,,,,,,,,,GND,GND
,,J15,,GND,,,,,,,,,,,,,,,,,GND,GND
,,J4,,GND,,,,,,,,,,,,,,,,,GND,GND
,,J9,,GND,,,,,,,,,,,,,,,,,GND,GND
,,K10,,GND,,,,,,,,,,,,,,,,,GND,GND
,,K8,,GND,,,,,,,,,,,,,,,,,GND,GND
,,L11,,GND,,,,,,,,,,,,,,,,,GND,GND
,,L9,,GND,,,,,,,,,,,,,,,,,GND,GND
,,M17,,GND,,,,,,,,,,,,,,,,,GND,GND
,,M2,,GND,,,,,,,,,,,,,,,,,GND,GND
,,M6,,GND,,,,,,,,,,,,,,,,,GND,GND
,,N13,,GND,,,,,,,,,,,,,,,,,GND,GND
,,R1,,GND,,,,,,,,,,,,,,,,,GND,GND
,,R14,,GND,,,,,,,,,,,,,,,,,GND,GND
,,R18,,GND,,,,,,,,,,,,,,,,,GND,GND
,,R4,,GND,,,,,,,,,,,,,,,,,GND,GND
,,R9,,GND,,,,,,,,,,,,,,,,,GND,GND
,,T16,,GND,,,,,,,,,,,,,,,,,GND,GND
,,U12,,GND,,,,,,,,,,,,,,,,,GND,GND
,,U6,,GND,,,,,,,,,,,,,,,,,GND,GND
,,V1,,GND,,,,,,,,,,,,,,,,,GND,GND
,,V18,,GND,,,,,,,,,,,,,,,,,GND,GND
,,B1,,VCCAUX,,,,,,,,,,,,,,,,,VCCAUX,2.50
,,B17,,VCCAUX,,,,,,,,,,,,,,,,,VCCAUX,2.50
,,E14,,VCCAUX,,,,,,,,,,,,,,,,,VCCAUX,2.50
,,E5,,VCCAUX,,,,,,,,,,,,,,,,,VCCAUX,2.50
,,E9,,VCCAUX,,,,,,,,,,,,,,,,,VCCAUX,2.50
,,G10,,VCCAUX,,,,,,,,,,,,,,,,,VCCAUX,2.50
,,J12,,VCCAUX,,,,,,,,,,,,,,,,,VCCAUX,2.50
,,K7,,VCCAUX,,,,,,,,,,,,,,,,,VCCAUX,2.50
,,M9,,VCCAUX,,,,,,,,,,,,,,,,,VCCAUX,2.50
,,P10,,VCCAUX,,,,,,,,,,,,,,,,,VCCAUX,2.50
,,P14,,VCCAUX,,,,,,,,,,,,,,,,,VCCAUX,2.50
,,P5,,VCCAUX,,,,,,,,,,,,,,,,,VCCAUX,2.50
,,G7,,VCCINT,,,,,,,,,,,,,,,,,,
,,H11,,VCCINT,,,,,,,,,,,,,,,,,,
,,H9,,VCCINT,,,,,,,,,,,,,,,,,,
,,J10,,VCCINT,,,,,,,,,,,,,,,,,,
,,J8,,VCCINT,,,,,,,,,,,,,,,,,,
,,K11,,VCCINT,,,,,,,,,,,,,,,,,,
,,K9,,VCCINT,,,,,,,,,,,,,,,,,,
,,L10,,VCCINT,,,,,,,,,,,,,,,,,,
,,L8,,VCCINT,,,,,,,,,,,,,,,,,,
,,M12,,VCCINT,,,,,,,,,,,,,,,,,,
,,M7,,VCCINT,,,,,,,,,,,,,,,,,,
,,E7,,NC,,,,,,,,,,,,,,,,,,
,,E8,,NC,,,,,,,,,,,,,,,,,,
,,F7,,NC,,,,,,,,,,,,,,,,,,
,,E6,,NC,,,,,,,,,,,,,,,,,,
,,G8,,NC,,,,,,,,,,,,,,,,,,
,,F8,,NC,,,,,,,,,,,,,,,,,,
,,G11,,NC,,,,,,,,,,,,,,,,,,
,,F10,,NC,,,,,,,,,,,,,,,,,,
,,F11,,NC,,,,,,,,,,,,,,,,,,
,,E11,,NC,,,,,,,,,,,,,,,,,,
,,D12,,NC,,,,,,,,,,,,,,,,,,
,,C12,,NC,,,,,,,,,,,,,,,,,,
,,C13,,NC,,,,,,,,,,,,,,,,,,
,,A13,,NC,,,,,,,,,,,,,,,,,,
,,F12,,NC,,,,,,,,,,,,,,,,,,
,,E12,,NC,,,,,,,,,,,,,,,,,,
,,U15,,NC,,,,,,,,,,,,,,,,,,
,,V15,,NC,,,,,,,,,,,,,,,,,,
,,T12,,NC,,,,,,,,,,,,,,,,,,
,,V12,,NC,,,,,,,,,,,,,,,,,,
,,N10,,NC,,,,,,,,,,,,,,,,,,
,,P11,,NC,,,,,,,,,,,,,,,,,,
,,M10,,NC,,,,,,,,,,,,,,,,,,
,,N9,,NC,,,,,,,,,,,,,,,,,,
,,M11,,NC,,,,,,,,,,,,,,,,,,
,,N11,,NC,,,,,,,,,,,,,,,,,,
,,N7,,NC,,,,,,,,,,,,,,,,,,
,,P8,,NC,,,,,,,,,,,,,,,,,,
,,M8,,NC,,,,,,,,,,,,,,,,,,
,,N8,,NC,,,,,,,,,,,,,,,,,,
,,N6,,NC,,,,,,,,,,,,,,,,,,
,,P7,,NC,,,,,,,,,,,,,,,,,,
